,created_at,full_text,sentiment_score
0,2021-01-06 08:59:54+00:00,"I love Ndlozi very much but I think I should multiply my love for this guy with a safety factor. At times I feel like he tries so hard to impress  his excellency U must not put effort to Impress CIC, just work n h will recognize u.","{'neg': 0.033, 'neu': 0.567, 'pos': 0.4, 'compound': 0.9816}"
1,2021-01-06 08:59:55+00:00,"194 new deaths and 14,494 new cases of COVID-19 reported #turkey #health #epidemic","{'neg': 0.0, 'neu': 1.0, 'pos': 0.0, 'compound': 0.0}"
2,2021-01-06 08:59:55+00:00,RT realizing i'm going to spend my whole early to mid twenties in a pandemic then choosing to unrealize,"{'neg': 0.0, 'neu': 1.0, 'pos': 0.0, 'compound': 0.0}"
3,2021-01-06 08:59:55+00:00,"RT We continue to encourage everyone to remain safe in the midst of the deadly Covid-19.

Let's continue to take care of o...","{'neg': 0.0, 'neu': 0.68, 'pos': 0.32, 'compound': 0.8555}"
4,2021-01-06 08:59:55+00:00,So... when is it time to tell the anti Covid people this is actually serious and not a conspiracy or a 99.9% survival rate?,"{'neg': 0.132, 'neu': 0.767, 'pos': 0.101, 'compound': 0.0454}"
5,2021-01-06 08:59:55+00:00,"RT ARE YOU A HEADTEACHER / TEACHER THAT WANTS TO GET LAPTOPS &amp; TECH TO YOUR PUPILS DURING LOCKDOWN? 

Pl...","{'neg': 0.0, 'neu': 1.0, 'pos': 0.0, 'compound': 0.0}"
6,2021-01-06 08:59:55+00:00,"RT Scam text alert

Criminals are taking advantage of the #COVID-19 vaccine rollout. The text contains a link that leads t...","{'neg': 0.259, 'neu': 0.594, 'pos': 0.147, 'compound': -0.6369}"
7,2021-01-06 08:59:55+00:00,RT everyone. please stay safe. wear a mask. only go out if you have to. wash your hands. stay hydrated. keep good vibes.,"{'neg': 0.0, 'neu': 0.712, 'pos': 0.288, 'compound': 0.7964}"
8,2021-01-06 08:59:55+00:00,and continues to do so twelve months after this all started over here! Why would anyone vote Conservative?,"{'neg': 0.0, 'neu': 1.0, 'pos': 0.0, 'compound': 0.0}"
9,2021-01-06 08:59:55+00:00,I spotted early that You can have high pay or job satisfaction (including social usefulness) - but not both at the same time.,"{'neg': 0.048, 'neu': 0.808, 'pos': 0.143, 'compound': 0.3291}"
10,2021-01-06 08:59:55+00:00,"RT Together we will overcome this pandemic. But the show must go on. We are going ahead with  #KIFF 2021 virtually, on a s...","{'neg': 0.0, 'neu': 1.0, 'pos': 0.0, 'compound': 0.0}"
11,2021-01-06 08:59:55+00:00,RT British PM #BorisJohnson cancels India visit due to the new #CoronavirusStrain. Fighting against the deadly corona crisi...,"{'neg': 0.216, 'neu': 0.784, 'pos': 0.0, 'compound': -0.5267}"
12,2021-01-06 08:59:55+00:00,RT Anto predicted this cholera outbreak with those pancakes. Remember?,"{'neg': 0.0, 'neu': 1.0, 'pos': 0.0, 'compound': 0.0}"
13,2021-01-06 08:59:55+00:00,RT #CELAC met yesterday afternoon with representatives of all constituent organisations following the new #COVID-19 measures annou...,"{'neg': 0.0, 'neu': 1.0, 'pos': 0.0, 'compound': 0.0}"
14,2021-01-06 08:59:55+00:00,"RT Bury mums and mums-to-be! Drop me a message to get involved in my online workouts during this lockdown! Fun, family fitness...","{'neg': 0.078, 'neu': 0.702, 'pos': 0.221, 'compound': 0.5972}"
15,2021-01-06 08:59:55+00:00,RT Serum Institute (a pvt Co)says it has stockpiled 100M doses of Astra Zeneca's Oxford Vaccine even before Phase 1 trials with...,"{'neg': 0.0, 'neu': 1.0, 'pos': 0.0, 'compound': 0.0}"
16,2021-01-06 08:59:55+00:00,What came first the moron or the sheep ! They should be forced to visit a covid ICU.,"{'neg': 0.289, 'neu': 0.711, 'pos': 0.0, 'compound': -0.7574}"
17,2021-01-06 08:59:55+00:00,RT A man who tested positive for the coronavirus after Christmas has posted several videos on social media warning others to wear the...,"{'neg': 0.089, 'neu': 0.778, 'pos': 0.133, 'compound': 0.296}"
18,2021-01-06 08:59:55+00:00,"are people not embarrassed posting ""wtm"" during a whole pandemic","{'neg': 0.0, 'neu': 0.81, 'pos': 0.19, 'compound': 0.2755}"
19,2021-01-06 08:59:55+00:00,First person in the Netherlands vaccinated against COVID-19!!! Great start of 2021 ! we do indeed need a better  emoji ,"{'neg': 0.0, 'neu': 0.688, 'pos': 0.312, 'compound': 0.8469}"
20,2021-01-06 08:59:56+00:00,"Theme 2021.

#EditorialCartoon #cartoon 
#coronavirus #virus #newstrain 
(By Joe Heller)","{'neg': 0.0, 'neu': 1.0, 'pos': 0.0, 'compound': 0.0}"
21,2021-01-06 08:59:56+00:00,Key worker covid vaccine telephone line playing recorded message from December. Get it sorted!,"{'neg': 0.0, 'neu': 0.861, 'pos': 0.139, 'compound': 0.2714}"
22,2021-01-06 08:59:56+00:00,"RT Michelle Obama blasts Trump: ""Unconscionable to focus on overturning an election"" instead of pandemic","{'neg': 0.0, 'neu': 1.0, 'pos': 0.0, 'compound': 0.0}"
23,2021-01-06 08:59:56+00:00,"RT The government's statutory instrument legislation for the Covid restrictions in England. The final line: ""No impact asse...","{'neg': 0.0, 'neu': 1.0, 'pos': 0.0, 'compound': 0.0}"
24,2021-01-06 08:59:56+00:00,"RT Armen Sarkissian tested positive for #COVID in... LONDON, where he traveled to celebrate the Christmas holidays. Aww.

For t...","{'neg': 0.0, 'neu': 0.632, 'pos': 0.368, 'compound': 0.872}"
25,2021-01-06 08:59:56+00:00,"RT #Paytm2021Wishlist
#COVID19 #SarkaruVaariPaata
#paytmkaro
Extra of Cards
Switzerland
Sydney
Gym
Chutting chai
Movie
Par...","{'neg': 0.0, 'neu': 1.0, 'pos': 0.0, 'compound': 0.0}"
26,2021-01-06 08:59:56+00:00,"RT Places I legally can't go: my PS93 a week room at university

Places I legally have to pay for: my PS93 a week room at univer...","{'neg': 0.05, 'neu': 0.851, 'pos': 0.099, 'compound': 0.1027}"
27,2021-01-06 08:59:56+00:00,RT Why isn't Covid test free? Most importantly why is it 50k in a country where minimum wage was recently just moved up from 18k...,"{'neg': 0.095, 'neu': 0.813, 'pos': 0.092, 'compound': -0.0281}"
28,2021-01-06 08:59:56+00:00,"RT Very interesting that this weekly updated Covid map from the EU's centre for disease control includes figures for Scotland,...","{'neg': 0.0, 'neu': 0.864, 'pos': 0.136, 'compound': 0.4576}"
29,2021-01-06 08:59:56+00:00,"RT Our venues, our people and our distribution network in hospitality stand ready to help with mass vaccination","{'neg': 0.0, 'neu': 0.755, 'pos': 0.245, 'compound': 0.6369}"
30,2021-01-06 08:59:56+00:00,"#HEALTH - Experts Worry #COVID-19 Vaccines May Not Work as Well Against The South African Variant 

https://t.co/PsyhYsvlLZ","{'neg': 0.239, 'neu': 0.761, 'pos': 0.0, 'compound': -0.5739}"
31,2021-01-06 08:59:56+00:00,RT realizing i'm going to spend my whole early to mid twenties in a pandemic then choosing to unrealize,"{'neg': 0.0, 'neu': 1.0, 'pos': 0.0, 'compound': 0.0}"
32,2021-01-06 08:59:56+00:00,RT President Akufo-Addo in his 21st Covid-19 update to the nation announced that lifeline consumers of electricity and water i...,"{'neg': 0.0, 'neu': 1.0, 'pos': 0.0, 'compound': 0.0}"
33,2021-01-06 08:59:56+00:00,"RT Global Covid-19 Daily Data Update

#COVID19 #data 

","{'neg': 0.0, 'neu': 1.0, 'pos': 0.0, 'compound': 0.0}"
34,2021-01-06 08:59:56+00:00,"RT Unis be like: you have exams submit your assignments on time or you will be penalised! 

Also unis: please note we are...","{'neg': 0.0, 'neu': 0.805, 'pos': 0.195, 'compound': 0.6239}"
35,2021-01-06 08:59:56+00:00,"RT Due to the national lockdown, we are happy to welcome you to visit our outdoor offer from 11am-3pm. In addition, The Bound...","{'neg': 0.0, 'neu': 0.758, 'pos': 0.242, 'compound': 0.7717}"
36,2021-01-06 08:59:56+00:00,RT This thread says it all.,"{'neg': 0.0, 'neu': 1.0, 'pos': 0.0, 'compound': 0.0}"
37,2021-01-06 08:59:56+00:00,"RT ""You shouldn't be publishing it, you have no basis to do it and I don't know how I'd sleep at night if I was someone writ...","{'neg': 0.078, 'neu': 0.922, 'pos': 0.0, 'compound': -0.296}"
38,2021-01-06 08:59:56+00:00,RT To understand how bad things are in UK 1 in 900 people tested positive for #COVID19 in early September compared to 1 in 50 no...,"{'neg': 0.113, 'neu': 0.772, 'pos': 0.116, 'compound': 0.0258}"
39,2021-01-06 08:59:56+00:00,RT WEAR A MASK,"{'neg': 0.0, 'neu': 1.0, 'pos': 0.0, 'compound': 0.0}"
40,2021-01-06 08:59:56+00:00,"RT A gig economy. The death of manufacturing. An under resourced NHS. Social care neglect.

The disastrous results of the p...","{'neg': 0.348, 'neu': 0.548, 'pos': 0.103, 'compound': -0.8225}"
41,2021-01-06 08:59:56+00:00,"Take note.. It might safe your life or the life of a loved one 
Covid-19 is real","{'neg': 0.0, 'neu': 0.688, 'pos': 0.312, 'compound': 0.7783}"
42,2021-01-06 08:59:56+00:00,"Help share, subscribe and retweet
Cc","{'neg': 0.0, 'neu': 0.449, 'pos': 0.551, 'compound': 0.5994}"
43,2021-01-06 08:59:56+00:00,RT Piers Morgan left lockdown UK for a luxury holiday in the Caribbean then returned first class to lecture everyone else ab...,"{'neg': 0.0, 'neu': 0.886, 'pos': 0.114, 'compound': 0.4019}"
44,2021-01-06 08:59:56+00:00,"RT This lockdown is desperately needed.

For the best of chance of success in driving down COVID-19 levels, it must be accom...","{'neg': 0.085, 'neu': 0.59, 'pos': 0.325, 'compound': 0.8074}"
45,2021-01-06 08:59:57+00:00,RT Greg Gianforte was just sworn in as MT governor and somebody hold his beer since he'll be on this list s...,"{'neg': 0.0, 'neu': 1.0, 'pos': 0.0, 'compound': 0.0}"
46,2021-01-06 08:59:57+00:00,"notice how theres only ,,I"", ,,I"", ,,I"" in this tweet. classic american move. vollspasst","{'neg': 0.0, 'neu': 1.0, 'pos': 0.0, 'compound': 0.0}"
47,2021-01-06 08:59:57+00:00,"RT I am physically and mentally exhausted. We had 3 deaths on our ward yesterday from covid. Our staff are drained. Please, fo...","{'neg': 0.183, 'neu': 0.733, 'pos': 0.084, 'compound': -0.4019}"
48,2021-01-06 08:59:57+00:00,Definitely going here post-lockdown,"{'neg': 0.0, 'neu': 0.526, 'pos': 0.474, 'compound': 0.4019}"
49,2021-01-06 08:59:57+00:00,RT Christ. I only encounter BBC content on here (I don't use BBC) so I'm always slightly surprised it's still all going on. T...,"{'neg': 0.0, 'neu': 0.935, 'pos': 0.065, 'compound': 0.1548}"
50,2021-01-06 08:59:57+00:00,"RT FOUR events that DESTROYED my trust in the US Government FOREVER!!! 

1. September 11
2. Hillary not going to prison
3...","{'neg': 0.132, 'neu': 0.637, 'pos': 0.231, 'compound': 0.4488}"
51,2021-01-06 08:59:57+00:00,Lets all practice safety. Covid is real,"{'neg': 0.0, 'neu': 0.682, 'pos': 0.318, 'compound': 0.4215}"
52,2021-01-06 08:59:57+00:00,"RT After the pandemic hit, he decided to knock on random mansions and ask, 'What do you for a living?' -- now, his TikTok acco...","{'neg': 0.0, 'neu': 1.0, 'pos': 0.0, 'compound': 0.0}"
53,2021-01-06 08:59:57+00:00,"Los Angeles issues unprecedented order to ambulances amid overwhelming COVID-19 cases
https://t.co/ra7OmEHozb","{'neg': 0.0, 'neu': 1.0, 'pos': 0.0, 'compound': 0.0}"
54,2021-01-06 08:59:57+00:00,RT So people who have been vaccinated in England 'are not exempt' from the new lockdown. So when you stood in the queue to...,"{'neg': 0.053, 'neu': 0.947, 'pos': 0.0, 'compound': -0.0762}"
55,2021-01-06 08:59:57+00:00,"RT I am physically and mentally exhausted. We had 3 deaths on our ward yesterday from covid. Our staff are drained. Please, fo...","{'neg': 0.183, 'neu': 0.733, 'pos': 0.084, 'compound': -0.4019}"
56,2021-01-06 08:59:57+00:00,"Service Update 09:00 -  A half hourly Stansted Express service is running.

Please remember to wear a face covering when travelling with us. 

Service updates can be found here ","{'neg': 0.0, 'neu': 0.924, 'pos': 0.076, 'compound': 0.3182}"
57,2021-01-06 08:59:57+00:00,"Service Update 09:00 - All general service updates can be found this afternoon here: Please remember to wear a mask when travelling with us, on trains &amp; at our stations. Thankyou.","{'neg': 0.0, 'neu': 0.929, 'pos': 0.071, 'compound': 0.3182}"
58,2021-01-06 08:59:57+00:00,"Leadership key to defeating #Covid19 and tackling global challenges via 

Key elements that have led to success are not just preparedness or strong health systems, but trust between people and government.","{'neg': 0.047, 'neu': 0.686, 'pos': 0.266, 'compound': 0.8074}"
59,2021-01-06 08:59:57+00:00,"RT Anyways jokes aside. Check on your friends during this lockdown because this shit really fucks people up, including me","{'neg': 0.266, 'neu': 0.557, 'pos': 0.177, 'compound': -0.5489}"
60,2021-01-06 08:59:57+00:00,"RT In March, I recall saying that if we ""wait and see"" before acting, then by the time we are ""seeing"", it is too late....","{'neg': 0.0, 'neu': 1.0, 'pos': 0.0, 'compound': 0.0}"
61,2021-01-06 08:59:57+00:00,"RT Unis be like: you have exams submit your assignments on time or you will be penalised! 

Also unis: please note we are...","{'neg': 0.0, 'neu': 0.805, 'pos': 0.195, 'compound': 0.6239}"
62,2021-01-06 08:59:57+00:00,"RT I've written a lot in the last two weeks about #B117 and the uncertainty surrounding its exact effects. 
So let me talk about s...","{'neg': 0.091, 'neu': 0.909, 'pos': 0.0, 'compound': -0.34}"
63,2021-01-06 08:59:57+00:00,"RT An expert mission to China to find the origins of the coronavirus pandemic stumbled before it even began, with the head of the Wor...","{'neg': 0.0, 'neu': 1.0, 'pos': 0.0, 'compound': 0.0}"
64,2021-01-06 08:59:58+00:00,"RT You're creating a bigger problem ...

Andy Burnham warns of 'mental health crisis' for those excluded from...","{'neg': 0.411, 'neu': 0.504, 'pos': 0.085, 'compound': -0.8126}"
65,2021-01-06 08:59:58+00:00,"RT With schools set to remain closed, Govt needs to concentrate on how best to serve the educational needs of our young people du...","{'neg': 0.0, 'neu': 0.846, 'pos': 0.154, 'compound': 0.6369}"
66,2021-01-06 08:59:58+00:00,"RT If there is no one  to give you'r  hands 
Put them in you'r  pocker.
#love yourself  
#coronavirus 
#FridayFeeling 
#Fr...","{'neg': 0.09, 'neu': 0.738, 'pos': 0.172, 'compound': 0.4588}"
67,2021-01-06 08:59:58+00:00,"RT Viral mutations may cause another 'very, very bad' COVID-19 wave, scientists warn","{'neg': 0.332, 'neu': 0.668, 'pos': 0.0, 'compound': -0.6674}"
68,2021-01-06 08:59:58+00:00,RT Has there every been a pandemic that required daily marketing to remind everyone that it exists?,"{'neg': 0.0, 'neu': 1.0, 'pos': 0.0, 'compound': 0.0}"
69,2021-01-06 08:59:58+00:00,"Rave out to help out 

Jokers","{'neg': 0.0, 'neu': 0.649, 'pos': 0.351, 'compound': 0.4019}"
70,2021-01-06 08:59:58+00:00,We need go into complete lockdown or be free. Im sick of this back and forth and in the middle shit.,"{'neg': 0.245, 'neu': 0.638, 'pos': 0.117, 'compound': -0.5574}"
71,2021-01-06 08:59:58+00:00,RT Peter Brookes on #BorisJohnson #Lockdown3 #COVID19 #Coronavirus - political cartoon gallery in London,"{'neg': 0.0, 'neu': 1.0, 'pos': 0.0, 'compound': 0.0}"
72,2021-01-06 08:59:58+00:00,"RT Nebraska's governor says undocumented workers in meat plants are not eligible for the #COVID19 vaccine because they are ""not pe...","{'neg': 0.0, 'neu': 1.0, 'pos': 0.0, 'compound': 0.0}"
73,2021-01-06 08:59:58+00:00,hi  ordered a bag for click abs collect. Lockdown means it's closed. Can I arrange delivery now?,"{'neg': 0.0, 'neu': 1.0, 'pos': 0.0, 'compound': 0.0}"
74,2021-01-06 08:59:58+00:00,"RT I just wanted you guys to wear a goddam mask, but I guess we had to turn over the whole government instead.","{'neg': 0.093, 'neu': 0.907, 'pos': 0.0, 'compound': -0.3071}"
75,2021-01-06 08:59:58+00:00,RT This is an excellent summary.,"{'neg': 0.0, 'neu': 0.575, 'pos': 0.425, 'compound': 0.5719}"
76,2021-01-06 08:59:58+00:00,"You don't need to go out when you have a setup like this  c'mon the lockdown, everything under one roof!","{'neg': 0.0, 'neu': 0.872, 'pos': 0.128, 'compound': 0.4199}"
77,2021-01-06 08:59:58+00:00,RT All taxpayers should be properly supported throughout the pandemic. The gaps in the Government financial support schemes must be...,"{'neg': 0.0, 'neu': 0.783, 'pos': 0.217, 'compound': 0.6124}"
78,2021-01-06 08:59:58+00:00,I would be asking what are they hiding,"{'neg': 0.239, 'neu': 0.761, 'pos': 0.0, 'compound': -0.296}"
79,2021-01-06 08:59:58+00:00,"If you're planning to travel by train please allow extra time for travel, wear a face covering and ensure you regularly wash your hands. 

We're here to help you travel with confidence. 

https://t.co/nWtaq5eyDR","{'neg': 0.0, 'neu': 0.686, 'pos': 0.314, 'compound': 0.8957}"
80,2021-01-06 08:59:58+00:00,"RT For all COVID-19 news, follow our coverage here ","{'neg': 0.0, 'neu': 1.0, 'pos': 0.0, 'compound': 0.0}"
81,2021-01-06 08:59:58+00:00,"RT ""Without the help of the Legion I would be dead now, 100%."" When veteran Lawrence was unable to work due to #Covid19, his...","{'neg': 0.23, 'neu': 0.77, 'pos': 0.0, 'compound': -0.762}"
82,2021-01-06 08:59:58+00:00,RT #Hounslow and the rest of the country is under national #lockdown. The single most important action we can all take is to...,"{'neg': 0.0, 'neu': 0.913, 'pos': 0.087, 'compound': 0.2716}"
83,2021-01-06 08:59:58+00:00,RT I love the idea of birdwatching in museum collections during lockdown! Here's a gorgeous ancient Egyptian bronze falco...,"{'neg': 0.0, 'neu': 0.667, 'pos': 0.333, 'compound': 0.8588}"
84,2021-01-06 08:59:58+00:00,"Oh no she colonizing by taking photos on a beach in Hawaii, oh no we are all doomed ","{'neg': 0.364, 'neu': 0.636, 'pos': 0.0, 'compound': -0.8225}"
85,2021-01-06 08:59:58+00:00,"India to start world's biggest Covid-19 vaccination programme, says PM Modi; thanks scientists
https://t.co/0KFBaiu1YL.","{'neg': 0.0, 'neu': 0.818, 'pos': 0.182, 'compound': 0.4404}"
86,2021-01-06 08:59:58+00:00,RT Why isn't there social distancing on the plane though ,"{'neg': 0.0, 'neu': 1.0, 'pos': 0.0, 'compound': 0.0}"
87,2021-01-06 08:59:58+00:00,RT On my way down to centra in post-covid ireland 2027,"{'neg': 0.0, 'neu': 1.0, 'pos': 0.0, 'compound': 0.0}"
88,2021-01-06 08:59:58+00:00,"RT I am physically and mentally exhausted. We had 3 deaths on our ward yesterday from covid. Our staff are drained. Please, fo...","{'neg': 0.183, 'neu': 0.733, 'pos': 0.084, 'compound': -0.4019}"
89,2021-01-06 08:59:58+00:00,"Alert!

@ScientistSwanda a 5th year PhD candidate at Cornell University, USA investigates how to best design mRNAs for cancer therapy. 

Rob is passionate about communication and public presentation, which he has used to help describe the SARS-CoV-2 vaccines to the public","{'neg': 0.143, 'neu': 0.627, 'pos': 0.229, 'compound': 0.5848}"
90,2021-01-06 08:59:58+00:00,October actor Banita Sandhu refuses to get treated at government hospital in Kolkata after testing positive for Covid-19 : Bollywood News - Bollywood Hungama,"{'neg': 0.0, 'neu': 0.865, 'pos': 0.135, 'compound': 0.5574}"
91,2021-01-06 08:59:58+00:00,"RT For all COVID-19 news, follow our coverage here ","{'neg': 0.0, 'neu': 1.0, 'pos': 0.0, 'compound': 0.0}"
92,2021-01-06 08:59:59+00:00,"'The Holocaust Stole My Youth. Covid-19 Is Stealing My Last Years.'

A must-read. Holocaust survivor, Toby Levy, reflects on what it means to survive the pandemic.
https://t.co/0MxQ0sdmz4","{'neg': 0.119, 'neu': 0.801, 'pos': 0.08, 'compound': -0.296}"
93,2021-01-06 08:59:59+00:00,RT I see that over in Britain the BBC is giving air time to people like Sunetra Gupta &amp; Toby Young to spread their astonishingly d...,"{'neg': 0.0, 'neu': 0.83, 'pos': 0.17, 'compound': 0.5994}"
94,2021-01-06 08:59:59+00:00,"november issue of just made it to my pandemic shelter: so many wonderful essay, reading now Zimitri Erasmus on #sylviawynter's #counterhumanism
https://t.co/KkheRInhVS","{'neg': 0.0, 'neu': 0.841, 'pos': 0.159, 'compound': 0.6096}"
95,2021-01-06 08:59:59+00:00,RT We cannot accept fatalistically restrictions &amp; deaths next Winter. We must aim for better. It is unacceptable to be stuck...,"{'neg': 0.265, 'neu': 0.628, 'pos': 0.107, 'compound': -0.508}"
96,2021-01-06 08:59:59+00:00,Should we say perhaps expanded to include not lowered the barriers?,"{'neg': 0.0, 'neu': 0.88, 'pos': 0.12, 'compound': 0.0951}"
97,2021-01-06 08:59:59+00:00,RT Covid: WHO team investigating virus origins denied entry to China,"{'neg': 0.225, 'neu': 0.775, 'pos': 0.0, 'compound': -0.4404}"
98,2021-01-06 08:59:59+00:00,RT As we go in to lockdown and we seek a release from reality. For me is my way to lose myself in the virtual wor...,"{'neg': 0.097, 'neu': 0.903, 'pos': 0.0, 'compound': -0.4019}"
99,2021-01-06 08:59:59+00:00,"RT Personally, I moved on from caring about this the minute I saw Asian publications rush to put out headlines about ""the Sout...","{'neg': 0.0, 'neu': 0.873, 'pos': 0.127, 'compound': 0.4939}"
100,2021-01-06 08:59:59+00:00,"The Government has announced new grants to help businesses stay afloat until spring 2021. 

You can read more about the new measures in our latest article: #alternativefinance #smelending #grants #covid19","{'neg': 0.0, 'neu': 0.806, 'pos': 0.194, 'compound': 0.6705}"
101,2021-01-06 08:59:59+00:00,"RT Please stay at home as COVID-19 is running amok in London and it really is getting desperately bad. No long, eloquent and we...","{'neg': 0.277, 'neu': 0.648, 'pos': 0.075, 'compound': -0.7402}"
102,2021-01-06 08:59:59+00:00,This means 2pm this afternoon doesn't it?,"{'neg': 0.0, 'neu': 1.0, 'pos': 0.0, 'compound': 0.0}"
103,2021-01-06 08:59:59+00:00,"RT #ErinOToole has stated that ANYONE who is in prison for ANY reason shouldn't be protected from #Covid19.

Put in a high r...","{'neg': 0.214, 'neu': 0.786, 'pos': 0.0, 'compound': -0.6914}"
104,2021-01-06 08:59:59+00:00,Good morning 4CG! I've posted the ending of our class story on Seesaw and would recommend The Demon Dentist (you can listen on Youtube) to go with our new project . Good luck with your home learning today. Stay positive and let me know what you get up to! ,"{'neg': 0.0, 'neu': 0.74, 'pos': 0.26, 'compound': 0.938}"
105,2021-01-06 08:59:59+00:00,"RT Does anyone in NPHET see the obvious truth behind these two NPHET/Govt charts, published this week by the HPSC?

https://...","{'neg': 0.0, 'neu': 0.897, 'pos': 0.103, 'compound': 0.3182}"
106,2021-01-06 08:59:59+00:00,RT call me crazy but plummeting mental health in lockdown has a lot more to do with financial insecurity than it does going th...,"{'neg': 0.197, 'neu': 0.803, 'pos': 0.0, 'compound': -0.6597}"
107,2021-01-06 08:59:59+00:00,"Ohio Gov. Mike DeWine: Phase 1B of COVID-19 vaccinations, including people 65 and older and school staff, should start in 2 weeks #SmartNews   @GovMikeDeWine finish nursing homes idiot. You are so full of shit. People don't believe a word ","{'neg': 0.162, 'neu': 0.838, 'pos': 0.0, 'compound': -0.8}"
108,2021-01-06 08:59:59+00:00,Nearly 19 Million Flyers Passed Through U.S. Airports Over Holidays in New Pandemic High,"{'neg': 0.0, 'neu': 0.833, 'pos': 0.167, 'compound': 0.3818}"
109,2021-01-06 08:59:59+00:00,RT realizing i'm going to spend my whole early to mid twenties in a pandemic then choosing to unrealize,"{'neg': 0.0, 'neu': 1.0, 'pos': 0.0, 'compound': 0.0}"
110,2021-01-06 08:59:59+00:00,"RT The solution to academics having childcare problems is lowering workloads.

The solution to academics being burned out...","{'neg': 0.202, 'neu': 0.601, 'pos': 0.197, 'compound': -0.0258}"
111,2021-01-06 08:59:59+00:00,The fight against #COVID19 continues in 2021. #PrintedElectronics are an important element to enable remote #healthcare. Find out how our #AdhesiveTechnologies contribute to enhance patient treatment in  ,"{'neg': 0.088, 'neu': 0.85, 'pos': 0.061, 'compound': -0.2023}"
112,2021-01-06 08:59:59+00:00,"My 6 Weeek Lockdown Rules!!

Fully kit out the New Campervan 

Stock Check on all PSB Product's 

Eat Healthy

Stay Active

Stay Positive 

Keep Smiling 

#6WeekLockdownRules 
#PositiveVibes 
#ThatsHowIRoll","{'neg': 0.0, 'neu': 0.656, 'pos': 0.344, 'compound': 0.9115}"
113,2021-01-06 08:59:59+00:00,RT I think they could've taken a leaf out of the Italian coverage from earlier last year that s...,"{'neg': 0.0, 'neu': 1.0, 'pos': 0.0, 'compound': 0.0}"
114,2021-01-06 09:00:00+00:00,RT The #lockdown is affecting us all today. We've made the difficult decision to close our office to do our bit to stop the...,"{'neg': 0.176, 'neu': 0.824, 'pos': 0.0, 'compound': -0.5719}"
115,2021-01-06 09:00:00+00:00,RT There are no ITU beds in the valleys. So you might be 23 and invincible if you get COVID but what if you crash your car? Or a...,"{'neg': 0.155, 'neu': 0.782, 'pos': 0.063, 'compound': -0.4678}"
116,2021-01-06 09:00:00+00:00,"GA senate runoff, vaccine distribution in Hills. and other counties, poss. unrest in Kenosha WI, Russia hack, Dr Dre aneurysm, new Covid drug, Grammy's, changes to Epiphany, Amazon expands, Starbucks menu, Chuck E Cheese, enjoying winter plus Evans back for Bucs!","{'neg': 0.0, 'neu': 0.848, 'pos': 0.152, 'compound': 0.6996}"
117,2021-01-06 09:00:00+00:00,"Waiting for that first green light of 2021... 

COVID-permitting, where are you heading trackside to see Ford's rising stars in action this season? 

#BritishF4 | #FordPerformance","{'neg': 0.0, 'neu': 1.0, 'pos': 0.0, 'compound': 0.0}"
118,2021-01-06 09:00:00+00:00,"Many countries begin 2021 hopeful that they can put an end to #COVID19 

It is now critical that this hope can be shared by all nations

We MUST have a #PeoplesVaccine for everyone, everywhere

https://t.co/5bEI5lmf5k","{'neg': 0.055, 'neu': 0.74, 'pos': 0.205, 'compound': 0.743}"
119,2021-01-06 09:00:00+00:00,"#Iran finds first case of new coronavirus variant in traveler from #UK

#BaghdadPost #COVID19 
https://t.co/rvaLGAApTh","{'neg': 0.0, 'neu': 1.0, 'pos': 0.0, 'compound': 0.0}"
120,2021-01-06 09:00:00+00:00,"We have 400 free places for underprivileged #students on our remote learning program, which offers interactive &amp; fun sessions on #STEM. Email us for more: education@tnmoc.org 
#edutwitter #teachertwitter #Science #teachertalk #lockdown #homeschool","{'neg': 0.0, 'neu': 0.82, 'pos': 0.18, 'compound': 0.765}"
121,2021-01-06 09:00:00+00:00,"If it's true that the government have ignored pharmacies offer to provide the jab then heads need to roll. They already provide the flu jab, WTF is the thinking behind it? We want answers. There's only so much lockdown we can take. It's getting beyond a joke now","{'neg': 0.163, 'neu': 0.727, 'pos': 0.109, 'compound': -0.6289}"
122,2021-01-06 09:00:00+00:00,"Lockdown can be a difficult and isolating time.

Speak to one of our Hub Support Coordinators today for information &amp; support.","{'neg': 0.097, 'neu': 0.695, 'pos': 0.208, 'compound': 0.4404}"
123,2021-01-06 09:00:00+00:00,RT #BREAKING 921 people in hospital - more in hospital now than at peak of first wave. #COVID19,"{'neg': 0.0, 'neu': 1.0, 'pos': 0.0, 'compound': 0.0}"
124,2021-01-06 09:00:00+00:00,"""Mobile enabled contactless #payments have been growing in popularity for some years, but 2020 has seen them take off in the #UK, thanks in part to the pandemic encouraging people to embrace #digital forms of payment"" - our own Pete Wickes to","{'neg': 0.0, 'neu': 0.714, 'pos': 0.286, 'compound': 0.93}"
125,2021-01-06 09:00:00+00:00,"#ReadersWrite: 'Almost every album has one eccentric genre-defying song, but this album has many clever surprises that make one sit up and notice.' FC reader on the album of #99songs:","{'neg': 0.0, 'neu': 0.815, 'pos': 0.185, 'compound': 0.7469}"
126,2021-01-06 09:00:00+00:00,"RT Sad to see that many countries have to lockdown again.
In the #FaroeIslands we have prevented lockdown through tests of...","{'neg': 0.134, 'neu': 0.819, 'pos': 0.047, 'compound': -0.4588}"
127,2021-01-06 09:00:00+00:00,>> LOCKDOWN 3 | SGT Report,"{'neg': 0.0, 'neu': 1.0, 'pos': 0.0, 'compound': 0.0}"
128,2021-01-06 09:00:00+00:00,"#HoldFirm and we'll beat Covid19 together. 

It's important to continue to play your part by keeping each other safe and following the public health guidelines. #GAABelong","{'neg': 0.0, 'neu': 0.764, 'pos': 0.236, 'compound': 0.7269}"
129,2021-01-06 09:00:00+00:00,"Global governance in the #Covid era 

Join us online for this special lecture from former Cabinet Secretary and National Security Advisor, ft. 14 Jan
 6.00pm

Register now ","{'neg': 0.0, 'neu': 0.757, 'pos': 0.243, 'compound': 0.7734}"
130,2021-01-06 09:00:00+00:00,"Can I still see my child in national #lockdown - Rules for separated parents

https://t.co/YXvbUe3ydb","{'neg': 0.0, 'neu': 1.0, 'pos': 0.0, 'compound': 0.0}"
131,2021-01-06 09:00:00+00:00,"RT ""The appeal of the technological fix is ubiquitous &amp; shapes our everyday lives...""

""In some circumstances technological f...","{'neg': 0.0, 'neu': 1.0, 'pos': 0.0, 'compound': 0.0}"
132,2021-01-06 09:00:00+00:00,"Please watch this space for a Lockdown C-19 update, we are just waiting on guidance to finalise arrangements. If your pet is unwell, we are here for you!","{'neg': 0.0, 'neu': 0.912, 'pos': 0.088, 'compound': 0.3802}"
133,2021-01-06 09:00:00+00:00,"RT As I toil from home under Lockdown rules, Mrs B has left for her allowed exercise, and to pick up a couple of essentials, I...","{'neg': 0.0, 'neu': 1.0, 'pos': 0.0, 'compound': 0.0}"
134,2021-01-06 09:00:00+00:00,"As a way to save time and money and promote social distancing, drones are being used more and more in the construction industry.","{'neg': 0.0, 'neu': 0.784, 'pos': 0.216, 'compound': 0.7003}"
135,2021-01-06 09:00:00+00:00,.@RecordingAcad 2021 ceremony postponed because of worries over COVID-19,"{'neg': 0.397, 'neu': 0.603, 'pos': 0.0, 'compound': -0.5574}"
136,2021-01-06 09:00:00+00:00,"As more COVID-19 vaccines roll out, you may be wondering whether to get vaccinated when one becomes available to you - especially if you're pregnant, nursing, are immunocompromised, or have allergies.

 ","{'neg': 0.0, 'neu': 1.0, 'pos': 0.0, 'compound': 0.0}"
137,2021-01-06 09:00:00+00:00,A COVID-19 surge in the state has also created a shortage of oxygen and led to a directive to ambulance crews in the county to stop transporting patients they can't revive in the field.,"{'neg': 0.163, 'neu': 0.785, 'pos': 0.052, 'compound': -0.5}"
138,2021-01-06 09:00:00+00:00,"Just as it is today with the COVID-19 vaccines, America struggled with getting the polio vaccine distributed in the 1950s.","{'neg': 0.112, 'neu': 0.888, 'pos': 0.0, 'compound': -0.34}"
139,2021-01-06 09:00:00+00:00,"RT ""..the close links between human, social and Earth systems are being acknowledged, ..means more transdisciplinary research col...","{'neg': 0.0, 'neu': 1.0, 'pos': 0.0, 'compound': 0.0}"
140,2021-01-06 09:00:00+00:00,"Become a COVID-19 Community Champion and receive the latest COVID-19 information to share with friends, family and your local community. Let's work together to #keeplewishamsafe Sign up here:","{'neg': 0.0, 'neu': 0.731, 'pos': 0.269, 'compound': 0.8481}"
141,2021-01-06 09:00:00+00:00,"After almost a 2 year absence, we've decided to bring back the famous #MidweekMeme to try and bring a few laughs during these bleak times.

@broadsheet_ie #Covid19","{'neg': 0.0, 'neu': 0.89, 'pos': 0.11, 'compound': 0.4939}"
142,2021-01-06 09:00:00+00:00,The #Grammy Awards ceremony due to take place on 31st January has been postponed to the end of March due to the #coronavirus surge in Los Angeles.,"{'neg': 0.06, 'neu': 0.839, 'pos': 0.101, 'compound': 0.296}"
143,2021-01-06 09:00:00+00:00,"We met with to see how she feels about being a Sweet FA 2020 winner and to learn a little more about her.

Hear from Jo: #thefutureofwork #freelancers #COVID #thefreelancerawards #sweetfa20","{'neg': 0.0, 'neu': 0.773, 'pos': 0.227, 'compound': 0.802}"
144,2021-01-06 09:00:00+00:00,"""Our main concern is the safety of our staff and customers during this difficult time."" #IsleofWight #iwnews #COVID19 Story:","{'neg': 0.127, 'neu': 0.75, 'pos': 0.123, 'compound': -0.0194}"
145,2021-01-06 09:00:00+00:00,"PATREON SQUAD 

The first exclusive episode of 2021 is now LIVE. The year is 6 days old &amp; this episode is going to take some topping already. Genuinley one of the most batshit &amp; amazing records we've ever done.

Want to beat the lockdown woes? Join us &gt;

https://t.co/XSY1WskhJQ","{'neg': 0.052, 'neu': 0.786, 'pos': 0.162, 'compound': 0.6326}"
146,2021-01-06 09:00:00+00:00,"In May last year I hosted the former Prime Minister of Italy on The Director's Chair. We discussed the COVID-19 pandemic, global leadership, and the future of Europe. 

LISTEN:","{'neg': 0.0, 'neu': 1.0, 'pos': 0.0, 'compound': 0.0}"
147,2021-01-06 09:00:00+00:00,"Bored of Boris?

Keep your business moving forward with us.

Give us a call: 01225 944404
Email us: hello@theprogressshed.com

#Lockdown3 #Businessasusual #COVID19","{'neg': 0.091, 'neu': 0.909, 'pos': 0.0, 'compound': -0.2732}"
148,2021-01-06 09:00:00+00:00,"RT It's my turn to get the COVID vaccination today and at first, I was nervous. We know America's history of medical explo...","{'neg': 0.087, 'neu': 0.913, 'pos': 0.0, 'compound': -0.2732}"
149,2021-01-06 09:00:00+00:00,"Covid spike in Edinburgh care homes as over 100 people test positive for virus

https://t.co/Ry1kdLFRHv","{'neg': 0.0, 'neu': 0.657, 'pos': 0.343, 'compound': 0.7783}"
150,2021-01-06 09:00:00+00:00,"#HBOMax releases the trailer of #LockedDown, starring Anne Hathaway and Chiwetel Ejiofor. The film streams on HBO Max from January 14.","{'neg': 0.0, 'neu': 1.0, 'pos': 0.0, 'compound': 0.0}"
151,2021-01-06 09:00:00+00:00,"Parents, don't forget you can still access the education workbooks for the previous lockdown to assist with you home-learning activities here:","{'neg': 0.0, 'neu': 0.923, 'pos': 0.077, 'compound': 0.1695}"
