,full_text
0,know still get virus spread other right also really want anything undocumented worker you d prosecute employer profit labor instead immigrant try feed family
1,rate adverse reaction covid vaccine already high flu shot
2,we gov grant covid bailout fund falun gong cults medium arm epoch time spread covid conspiracy theory
3,ghostdc today january give proud fool trump trump minon violence want let look stupid rallyi g inevitableleave washington dc streets empty stay home engageplease pass resist
4,georgia tonights race go close do not stay home go amp vote tell friend amp family vote futur
5,prevent future outbreak impact live livelihood economy country must invest preparedness universal health coverage blueprint
6,student die first lockdown idk long keep cover death
7,scottish govt guarantee minimum additional billion current year ukg help address
8,there s fact teacher like wife currently school substantial amount child compare march lockdown face face tuition scramble also prepare set work rest cohort online capacity total shamble
9,uni like exam submit assignment time penalise also unis please note
10,gop rail nonexistent threat ignore pandemic that s kill one thousand americans
11,terrific thread vaccination effort go poorly across americathreadreaderapp please make
12,treat sick patient dexamethasone neutrophiltolymphocyte
13,know hard newly engage pandemic want show ring every single person know can not people see man give ring dog they ve see million time hate
14,report grammys delay covid concern new date slate march via
15,I m force wear mask house hypocrite go message
16,download date app fuel lockdown
17,take we lockdown february valentine sale scream tier march april amp ofc easter sale ofc pub need open time end season see already
18,never believe tory let covid endemic choice
19,covid denial worrying say least
20,god truly amazing send love family keep take care
21,travel history scary
22,scientist warn boris johnson private inevitable national
23,billion come north scotland westminster cope pandemic business still cry fun
24,hat manage incredibly well tournament take place period
25,utterly soul destroy patient say spend xmas day extended family everyone positive covid
26,republican party unfit govern care live die
27,bad luck warn go notice come home choose finish holiday stay
28,ur telling lose teen mental illness I m lose twenty global pandemic haha nice
29,replace trumppence day new potus vp need senate works house majority help ame
30,recur check pandemic
31,batch b nysc member test positive ptf
32,president cyril ramaphosa news will not show doctor come clean covid statistic
33,reminder pin tweet tory voter next election stay home protect nhs save life
34,tcc lockdown
35,covid deathstar perfect
36,perfect also will not catch tweet covid medical science icelandic pop knowledge matter that s wa
37,progressive scotlandlook brave people georgia stand mile long line socially
38,tomorrow birthday time last year parent dad pass april covid mom pass last week fr
39,vaccination begin today saskatchewan far north
40,absolutely adore
41,be not covid have not take one seeing politiciansthat do not even believe covid get vaccine first well see get symptom
42,uni like exam submit assignment time penalise also unis please note
43,key message isstay home closing school big decision potentially damaging allow childrenstudent roam group really defeat object
44,china block entry team study covid origin
45,globalphobserv mandate vaccinesexamine whether vaccine mandate would lawful ethical whether
46,cause pain suffer top we deal pandemic
47,vpelect cast decide vote covid relief job racial justice access health care g
48,please write mp template amp real chance get rule change amp help pu
49,top tip find burglar home police say they re busy attend say someone breakin
50,prayer upbirmingham mayor randall woodfin hospitalize covid pneumonia alabama city announce https
51,please home covid pray we
52,roll stone report grammys originally schedule jan postpone due concern
53,god bless alan go vote georgiaif win georgia save america
54,bed shortage still exacerbate patient discharge there s nowhere go httpstcozrovmnfsie
55,tough task face new biden administration get covid vaccine distribute say david solomonwatch th
56,carolyn amp proud among receive vaccine morning african americans test pos
57,happy new year everyone hope you ve make new lockdown resolution x x
58,rittenhouse saidthat kenosha protect local business vandalismhe admit use coro
59,two decade ago australia one lead education nation world long oecd reveal sy
60,california funeral home run space rage patchhospital double capacity covid frightening time everyone include donald trump supporter wear mask
61,sorry react many medium request apology busy right lab bc new variant inbox
62,daughter primary school issue kid tablet free data lockdownnice one
63,let provide money food drink weeds logistics r monthwe lock nigeria release
64,terrifying los angeles county run oxygen tell ambulance crew transport patient
65,january loeffler attend private covid briefing diminish threat public quietly buy stock tele
66,r mayor detroit gov work together rock
67,fully percent desantis state make secondoldest state thus covidvulnerable state
68,sure hope emphasize doctor safety sake patient employee
69,people la covid
70,pandemic really reveal extent ableism ageism society I ve never see people open w
71,uk report coronavirus case single day countrys big increase since pandemic
72,cruel fucking stupid
73,do not buy meat raise process negovrickett who s go to buy ne meat product
74,frustrating amount disinformation push inside boxing community come ha
75,uk government confirm film tv production continue despite new lockdown measure
76,say really look forward married season situation make everything complicated hey wait since bible say good man shall alonegenesis want n verse apply
77,change everything mental toll take we significant remember find small moment laugh get plenty rest kind
78,well revive creativenetworkcraft monthly online networking session friday
79,listener due abundance caution episode breakroom week see next week thank
80,welcome new defender misinformation qanonsquint teleprompterguitar world httpstcoyyrn
81,vent migraine day sort control last day last night spike today pain bad light sensitivity nausea hard fight pandemic resource stretch
82,even pandemic stop desire officer want hunt we slay we andrehill bury today magical ability black man make phone look like gun jacob blake survive shoot back today injustice system
83,bad news get bad exponential growth variant case identify
84,webdev dedicated server
85,anxiety anxiety anxiety get sniffle think covid get cough bruise think cancer something equally terrible use home see people anxiety skyrocket
86,way restructure cre lease era cre covid
87,let clear something scientist however dad granddad husband friend see pe
88,hope new montana governor get tour full ppe course covid floors montana hospital come w
89,wow must annoying deal bunch moron accuse make covid case thought prayer
90,china write
91,one people england infect covid government say
92,concert still holdinguna dey fear covid
93,ruckus storage bin allow student keep personal study material handy separate peer learn classroomdesign socialdistancing
94,raise hand you re concerned lose constitutional right covid
95,pandemic really let people breathe we
96,china block entry team study covid origin
97,he d form belief unsafea wisconsin hospital pharmacist say intentionally attempt destroy h
98,wonder new trend come lockdown
99,fully percent desantis state make secondoldest state thus covidvulnerable state
100,scotland tell donald trump he s allow palmer reportscotland first minister nicola sturgeon announce today trump will not allow enter scotland golf trip consider essential travel pandemic
101,await governor news conference expect new information covid vaccination progress
102,london alone thousand coronavirus death china australia new zealand south korea vietnam thailand
103,doug ford busy day lie ontario resident ludicrous effort blame fed utterly pathetic
104,make laugh ask pandemic say th
105,cdc unveils list twitter account follow piece together vaccine information
106,idea people do not believe thousand struggle life battle anyway especially doub
107,anybody think make bad flu perhaps watch tonight visit local
108,contact trace tech important helpful tool also consider preserve civil liberty co
109,govt go rely fact lockdown guidance say exercise day suggest
110,two day ago share sister law husband test positive covid today pass away time te
111,warn act lawsuit covid allow
112,ask question visit longterm care facility understand love one experience pandemic here link question nevadas longterm care ombudsman program ltcombudsmanadsdnvgov
113,painful way pandemic show we need fix world hear pandemic teach society
114,hiccup malaysias vaccine rollout give unprecedented nature pandemic overall countrys immunization track record sound deputy manage director heikal rosnan tell
115,benefit get vaccine learn
116,player must wear face mask enter game around player coach outside team
117,china report cluster pneumonia case death wuhan hubei province investigation underwa
118,germany extend lockdown jan toughen curb associate press
119,haha start new game pandemic playing like year bring back
120,disappoint china yet grant entry coronavirus expert
121,government use every second lockdown put invisible shield around elderly
122,city hamilton reporting coronavirus outbreak paramedic base limeridge rd e near upper ottawa street mountain hamont hamiltonmountain
123,next need help pandemic please try addresswwwgooglecom
124,nostay home useless
125,pandemic first hit mack weldon ceo brian berger focus humanize everything company interaction employee customer
126,gee message do not sound like sync ken jennings bean dad sound much like message
127,outbreaktoimmunization narrative unfold world keep eye indonesia groundwork successful vaccination campaign lay
128,thank much
129,uni like exam submit assignment time penalise also unis please note
130,tweet hour ago hit translate later can not say do not see come
131,afraid around fellow americans probably well stay homemindyourbusiness
132,we could soon give least million vaccination day despite sluggish start dr anthony fauci say
133,united medical equipment business solution network inc commit provide essential approve solution
134,update yuma county health official confirm new case new death bring total case weekend number include update
135,type adar poonawalla google top search query natasha poonawalla adar poonawallas wife natasha also executive director serum institute
136,study could help predict likely adopt pandemic puppy kitten base religious belief
137,tennis question key nadal djokovic eye record
138,despite pandemic small business optimism persist
139,china block entry team study covid origin
140,princeville makai golf club general manager doug sutter observe new trend since start pandemicfor full story visit link bio
141,nobody want diaper neighbor trump allow scotland escape biden inauguration sturgeon warn smartnew
142,coronavirus localise herd immunity young population behind dip indias covid count health
